{
  "id": "1624439",
  "name": "途家民宿",
  "font_family": "iconfont",
  "css_prefix_text": "icon-",
  "description": "",
  "glyphs": [
    {
      "icon_id": "594377",
      "name": "女",
      "font_class": "nv",
      "unicode": "e639",
      "unicode_decimal": 58937
    },
    {
      "icon_id": "986671",
      "name": "男",
      "font_class": "nan",
      "unicode": "e646",
      "unicode_decimal": 58950
    },
    {
      "icon_id": "739100",
      "name": "编辑",
      "font_class": "bianji",
      "unicode": "e62c",
      "unicode_decimal": 58924
    },
    {
      "icon_id": "5327417",
      "name": "床",
      "font_class": "chuang",
      "unicode": "e6e5",
      "unicode_decimal": 59109
    },
    {
      "icon_id": "5343547",
      "name": "橱柜",
      "font_class": "chugui",
      "unicode": "e6ac",
      "unicode_decimal": 59052
    },
    {
      "icon_id": "8124837",
      "name": "床2",
      "font_class": "chuang1",
      "unicode": "e60f",
      "unicode_decimal": 58895
    },
    {
      "icon_id": "11140094",
      "name": "房屋",
      "font_class": "fangwu",
      "unicode": "e69a",
      "unicode_decimal": 59034
    },
    {
      "icon_id": "552804",
      "name": "点赞",
      "font_class": "dianzan",
      "unicode": "e643",
      "unicode_decimal": 58947
    },
    {
      "icon_id": "1637944",
      "name": "消息",
      "font_class": "xiaoxi",
      "unicode": "e614",
      "unicode_decimal": 58900
    },
    {
      "icon_id": "6246601",
      "name": "设置",
      "font_class": "icon-test",
      "unicode": "e608",
      "unicode_decimal": 58888
    },
    {
      "icon_id": "6539409",
      "name": "爱心",
      "font_class": "aixin1",
      "unicode": "e67c",
      "unicode_decimal": 59004
    },
    {
      "icon_id": "10031750",
      "name": "分享",
      "font_class": "fenxiang",
      "unicode": "e625",
      "unicode_decimal": 58917
    },
    {
      "icon_id": "1290026",
      "name": "安全保障",
      "font_class": "anquanbaozhang",
      "unicode": "e6cb",
      "unicode_decimal": 59083
    },
    {
      "icon_id": "11519413",
      "name": "首页",
      "font_class": "shouye1",
      "unicode": "e731",
      "unicode_decimal": 59185
    },
    {
      "icon_id": "789210",
      "name": "借贷－信用卡",
      "font_class": "xinyongqia",
      "unicode": "e683",
      "unicode_decimal": 59011
    },
    {
      "icon_id": "554430",
      "name": "雷达",
      "font_class": "iconset0397",
      "unicode": "e714",
      "unicode_decimal": 59156
    },
    {
      "icon_id": "258591",
      "name": "消息",
      "font_class": "tubiao313",
      "unicode": "e624",
      "unicode_decimal": 58916
    },
    {
      "icon_id": "5651349",
      "name": "爱心",
      "font_class": "aixin",
      "unicode": "e65c",
      "unicode_decimal": 58972
    },
    {
      "icon_id": "6528212",
      "name": "我的",
      "font_class": "wode",
      "unicode": "e67b",
      "unicode_decimal": 59003
    },
    {
      "icon_id": "7956084",
      "name": "首页",
      "font_class": "shouye",
      "unicode": "e61f",
      "unicode_decimal": 58911
    },
    {
      "icon_id": "8338679",
      "name": "发现",
      "font_class": "faxian",
      "unicode": "e6c6",
      "unicode_decimal": 59078
    }
  ]
}
